feature,value
original_firstorder_10Percentile,-56.44457817708485
original_firstorder_90Percentile,-21.600433313152855
original_firstorder_Energy,2671350676.2613444
original_firstorder_Entropy,3.1628367492573086
original_firstorder_InterquartileRange,15.867750855463555
original_firstorder_Kurtosis,27.94636976417648
original_firstorder_Maximum,301.0833183957447
original_firstorder_MeanAbsoluteDeviation,13.513186219835676
original_firstorder_Mean,-41.20983110110433
original_firstorder_Median,-47.668290768474655
original_firstorder_Minimum,-64.60736529931043
original_firstorder_Range,365.6906836950551
original_firstorder_RobustMeanAbsoluteDeviation,6.993017655732549
original_firstorder_RootMeanSquared,46.970648380081975
original_firstorder_Skewness,4.072539615729249
original_firstorder_TotalEnergy,2671350676.2613444
original_firstorder_Uniformity,0.15970255979092382
original_firstorder_Variance,507.9916298637518
original_glcm_Autocorrelation,31.522527020536135
original_glcm_ClusterProminence,64902.93606922122
original_glcm_ClusterShade,1330.5627511169607
original_glcm_ClusterTendency,49.3189710472329
original_glcm_Contrast,2.5193137626622804
original_glcm_Correlation,0.9006609083963534
original_glcm_DifferenceAverage,0.7652034447086291
original_glcm_DifferenceEntropy,1.6602996293187624
original_glcm_DifferenceVariance,1.9145370913636683
original_glcm_Id,0.7369464355351261
original_glcm_Idm,0.7202376089646875
original_glcm_Idmn,0.9993972160685058
original_glcm_Idn,0.9885987035422473
original_glcm_Imc1,-0.41504227084773093
original_glcm_Imc2,0.9584479105732042
original_glcm_InverseVariance,0.36250937841853215
original_glcm_JointAverage,4.4520510859853
original_glcm_JointEnergy,0.07764586130838154
original_glcm_JointEntropy,4.92114222036369
original_glcm_MCC,0.9182741246094009
original_glcm_MaximumProbability,0.1775650636642356
original_glcm_SumAverage,8.90410217197061
original_glcm_SumEntropy,3.9932634258556083
original_glcm_SumSquares,12.959571202473798
original_glrlm_GrayLevelNonUniformity,67527.0965343659
original_glrlm_GrayLevelNonUniformityNormalized,0.11491743027126979
original_glrlm_GrayLevelVariance,25.033414944906955
original_glrlm_HighGrayLevelRunEmphasis,60.56653797843432
original_glrlm_LongRunEmphasis,9.66545180426542
original_glrlm_LongRunHighGrayLevelEmphasis,154.22726031684385
original_glrlm_LongRunLowGrayLevelEmphasis,1.8612018242031756
original_glrlm_LowGrayLevelRunEmphasis,0.09202894303909236
original_glrlm_RunEntropy,5.419200996093841
original_glrlm_RunLengthNonUniformity,232985.30091144147
original_glrlm_RunLengthNonUniformityNormalized,0.3932348704835794
original_glrlm_RunPercentage,0.4823246516411863
original_glrlm_RunVariance,5.126216742774789
original_glrlm_ShortRunEmphasis,0.6484578674645358
original_glrlm_ShortRunHighGrayLevelEmphasis,53.05957252294802
original_glrlm_ShortRunLowGrayLevelEmphasis,0.044340215599014084
original_glszm_GrayLevelNonUniformity,1189.4641973888538
original_glszm_GrayLevelNonUniformityNormalized,0.03420556155141352
original_glszm_GrayLevelVariance,88.28807890229905
original_glszm_HighGrayLevelZoneEmphasis,327.6616725139472
original_glszm_LargeAreaEmphasis,6245363.625668603
original_glszm_LargeAreaHighGrayLevelEmphasis,66662367.058118135
original_glszm_LargeAreaLowGrayLevelEmphasis,911065.8229232976
original_glszm_LowGrayLevelZoneEmphasis,0.038744593494460425
original_glszm_SizeZoneNonUniformity,11297.491114050728
original_glszm_SizeZoneNonUniformityNormalized,0.32488327814029816
original_glszm_SmallAreaEmphasis,0.589541982419692
original_glszm_SmallAreaHighGrayLevelEmphasis,229.8040436307469
original_glszm_SmallAreaLowGrayLevelEmphasis,0.01682093565213047
original_glszm_ZoneEntropy,7.576613269662825
original_glszm_ZonePercentage,0.028719498849948174
original_glszm_ZoneVariance,6244151.224669883
original_gldm_DependenceEntropy,7.285098929904857
original_gldm_DependenceNonUniformity,47057.58714667393
original_gldm_DependenceNonUniformityNormalized,0.038864390634964
original_gldm_DependenceVariance,52.67267377640739
original_gldm_GrayLevelNonUniformity,193370.25493324743
original_gldm_GrayLevelVariance,15.65315447962523
original_gldm_HighGrayLevelEmphasis,36.754218439646024
original_gldm_LargeDependenceEmphasis,261.751521908797
original_gldm_LargeDependenceHighGrayLevelEmphasis,2924.2382932157266
original_gldm_LargeDependenceLowGrayLevelEmphasis,50.24196667602529
original_gldm_LowGrayLevelEmphasis,0.13297904160163454
original_gldm_SmallDependenceEmphasis,0.033567039978517704
original_gldm_SmallDependenceHighGrayLevelEmphasis,8.524264315196275
original_gldm_SmallDependenceLowGrayLevelEmphasis,0.0014554899915596973
original_ngtdm_Busyness,145.59617577764877
original_ngtdm_Coarseness,1.5968677829672016e-05
original_ngtdm_Complexity,1281.6356940995313
original_ngtdm_Contrast,0.004070890126359954
original_ngtdm_Strength,0.2157055934205276
log-sigma-1-0-mm-3D_firstorder_10Percentile,-2.9915575981140132
log-sigma-1-0-mm-3D_firstorder_90Percentile,5.9968486785888695
log-sigma-1-0-mm-3D_firstorder_Energy,40155613.347455546
log-sigma-1-0-mm-3D_firstorder_Entropy,3.0379816131518087
log-sigma-1-0-mm-3D_firstorder_InterquartileRange,3.265210211277008
log-sigma-1-0-mm-3D_firstorder_Kurtosis,15.654413767715754
log-sigma-1-0-mm-3D_firstorder_Maximum,62.3586311340332
log-sigma-1-0-mm-3D_firstorder_MeanAbsoluteDeviation,3.252580867211851
log-sigma-1-0-mm-3D_firstorder_Mean,1.153574306271442
log-sigma-1-0-mm-3D_firstorder_Median,0.5357871055603027
log-sigma-1-0-mm-3D_firstorder_Minimum,-64.96670532226562
log-sigma-1-0-mm-3D_firstorder_Range,127.32533645629883
log-sigma-1-0-mm-3D_firstorder_RobustMeanAbsoluteDeviation,1.4923109712378873
log-sigma-1-0-mm-3D_firstorder_RootMeanSquared,5.758829698465012
log-sigma-1-0-mm-3D_firstorder_Skewness,1.229548627113101
log-sigma-1-0-mm-3D_firstorder_TotalEnergy,40155613.347455546
log-sigma-1-0-mm-3D_firstorder_Uniformity,0.19205842908360654
log-sigma-1-0-mm-3D_firstorder_Variance,31.833385815832983
log-sigma-1-0-mm-3D_glcm_Autocorrelation,1140.3597911678276
log-sigma-1-0-mm-3D_glcm_ClusterProminence,10725.152923248426
log-sigma-1-0-mm-3D_glcm_ClusterShade,181.58673320691574
log-sigma-1-0-mm-3D_glcm_ClusterTendency,25.849667631793118
log-sigma-1-0-mm-3D_glcm_Contrast,3.7060383554725425
log-sigma-1-0-mm-3D_glcm_Correlation,0.7462714868345658
log-sigma-1-0-mm-3D_glcm_DifferenceAverage,1.1115288154613938
log-sigma-1-0-mm-3D_glcm_DifferenceEntropy,2.0245035692286644
log-sigma-1-0-mm-3D_glcm_DifferenceVariance,2.4261502057704005
log-sigma-1-0-mm-3D_glcm_Id,0.6448653085152463
log-sigma-1-0-mm-3D_glcm_Idm,0.6140876811344127
log-sigma-1-0-mm-3D_glcm_Idmn,0.999109673578203
log-sigma-1-0-mm-3D_glcm_Idn,0.9834581485193095
log-sigma-1-0-mm-3D_glcm_Imc1,-0.20907521634276943
log-sigma-1-0-mm-3D_glcm_Imc2,0.826136999151671
log-sigma-1-0-mm-3D_glcm_InverseVariance,0.4129751768398392
log-sigma-1-0-mm-3D_glcm_JointAverage,33.6871427095974
log-sigma-1-0-mm-3D_glcm_JointEnergy,0.06740707958852113
log-sigma-1-0-mm-3D_glcm_JointEntropy,5.342938900461579
log-sigma-1-0-mm-3D_glcm_MCC,0.7878629543144667
log-sigma-1-0-mm-3D_glcm_MaximumProbability,0.1806128329814352
log-sigma-1-0-mm-3D_glcm_SumAverage,67.37428541919485
log-sigma-1-0-mm-3D_glcm_SumEntropy,3.838170224701519
log-sigma-1-0-mm-3D_glcm_SumSquares,7.388926496816411
log-sigma-1-0-mm-3D_glrlm_GrayLevelNonUniformity,105899.3883587118
log-sigma-1-0-mm-3D_glrlm_GrayLevelNonUniformityNormalized,0.1415572093902637
log-sigma-1-0-mm-3D_glrlm_GrayLevelVariance,11.651799604342322
log-sigma-1-0-mm-3D_glrlm_HighGrayLevelRunEmphasis,1160.938179055819
log-sigma-1-0-mm-3D_glrlm_LongRunEmphasis,4.930289719068297
log-sigma-1-0-mm-3D_glrlm_LongRunHighGrayLevelEmphasis,5543.856772402955
log-sigma-1-0-mm-3D_glrlm_LongRunLowGrayLevelEmphasis,0.0044486463271658176
log-sigma-1-0-mm-3D_glrlm_LowGrayLevelRunEmphasis,0.0009042843736791748
log-sigma-1-0-mm-3D_glrlm_RunEntropy,4.845913609594647
log-sigma-1-0-mm-3D_glrlm_RunLengthNonUniformity,381735.5118921604
log-sigma-1-0-mm-3D_glrlm_RunLengthNonUniformityNormalized,0.5067219816626813
log-sigma-1-0-mm-3D_glrlm_RunPercentage,0.6153325843146334
log-sigma-1-0-mm-3D_glrlm_RunVariance,2.1815077211788934
log-sigma-1-0-mm-3D_glrlm_ShortRunEmphasis,0.7378995590781916
log-sigma-1-0-mm-3D_glrlm_ShortRunHighGrayLevelEmphasis,864.8527302990761
log-sigma-1-0-mm-3D_glrlm_ShortRunLowGrayLevelEmphasis,0.0006691730603529344
log-sigma-1-0-mm-3D_glszm_GrayLevelNonUniformity,2049.4391798055713
log-sigma-1-0-mm-3D_glszm_GrayLevelNonUniformityNormalized,0.041856040760672564
log-sigma-1-0-mm-3D_glszm_GrayLevelVariance,52.93346466704503
log-sigma-1-0-mm-3D_glszm_HighGrayLevelZoneEmphasis,1261.442896822155
log-sigma-1-0-mm-3D_glszm_LargeAreaEmphasis,5313476.730352912
log-sigma-1-0-mm-3D_glszm_LargeAreaHighGrayLevelEmphasis,5917261705.399151
log-sigma-1-0-mm-3D_glszm_LargeAreaLowGrayLevelEmphasis,4778.887902620635
log-sigma-1-0-mm-3D_glszm_LowGrayLevelZoneEmphasis,0.0010507265257678558
log-sigma-1-0-mm-3D_glszm_SizeZoneNonUniformity,12641.612449963239
log-sigma-1-0-mm-3D_glszm_SizeZoneNonUniformityNormalized,0.25818177538524706
log-sigma-1-0-mm-3D_glszm_SmallAreaEmphasis,0.521770376733463
log-sigma-1-0-mm-3D_glszm_SmallAreaHighGrayLevelEmphasis,660.9590134354972
log-sigma-1-0-mm-3D_glszm_SmallAreaLowGrayLevelEmphasis,0.0005952131396446127
log-sigma-1-0-mm-3D_glszm_ZoneEntropy,7.800870424598186
log-sigma-1-0-mm-3D_glszm_ZonePercentage,0.04043887794584639
log-sigma-1-0-mm-3D_glszm_ZoneVariance,5312865.222826771
log-sigma-1-0-mm-3D_gldm_DependenceEntropy,7.16402177028116
log-sigma-1-0-mm-3D_gldm_DependenceNonUniformity,55615.17767041208
log-sigma-1-0-mm-3D_gldm_DependenceNonUniformityNormalized,0.045932019070140426
log-sigma-1-0-mm-3D_gldm_DependenceVariance,40.94070339738176
log-sigma-1-0-mm-3D_gldm_GrayLevelNonUniformity,232547.22681086705
log-sigma-1-0-mm-3D_gldm_GrayLevelVariance,8.129249131277835
log-sigma-1-0-mm-3D_gldm_HighGrayLevelEmphasis,1146.0740476455942
log-sigma-1-0-mm-3D_gldm_LargeDependenceEmphasis,161.97046699950033
log-sigma-1-0-mm-3D_gldm_LargeDependenceHighGrayLevelEmphasis,180650.51189322895
log-sigma-1-0-mm-3D_gldm_LargeDependenceLowGrayLevelEmphasis,0.14587827676325624
log-sigma-1-0-mm-3D_gldm_LowGrayLevelEmphasis,0.0009019992471332721
log-sigma-1-0-mm-3D_gldm_SmallDependenceEmphasis,0.04756299252689182
log-sigma-1-0-mm-3D_gldm_SmallDependenceHighGrayLevelEmphasis,58.66908592349484
log-sigma-1-0-mm-3D_gldm_SmallDependenceLowGrayLevelEmphasis,4.7849504565622054e-05
log-sigma-1-0-mm-3D_ngtdm_Busyness,22.600421005898554
log-sigma-1-0-mm-3D_ngtdm_Coarseness,1.1429681945303104e-05
log-sigma-1-0-mm-3D_ngtdm_Complexity,1246.2310514126061
log-sigma-1-0-mm-3D_ngtdm_Contrast,0.002558723707114371
log-sigma-1-0-mm-3D_ngtdm_Strength,0.05845919375203382
log-sigma-2-0-mm-3D_firstorder_10Percentile,-3.1486153602600093
log-sigma-2-0-mm-3D_firstorder_90Percentile,15.5792537689209
log-sigma-2-0-mm-3D_firstorder_Energy,162059185.4437166
log-sigma-2-0-mm-3D_firstorder_Entropy,3.129051157408537
log-sigma-2-0-mm-3D_firstorder_InterquartileRange,5.751472353935242
log-sigma-2-0-mm-3D_firstorder_Kurtosis,12.049585395671633
log-sigma-2-0-mm-3D_firstorder_Maximum,97.64286804199219
log-sigma-2-0-mm-3D_firstorder_MeanAbsoluteDeviation,6.645437350572466
log-sigma-2-0-mm-3D_firstorder_Mean,3.7186140656454283
log-sigma-2-0-mm-3D_firstorder_Median,1.3576620817184448
log-sigma-2-0-mm-3D_firstorder_Minimum,-111.69977569580078
log-sigma-2-0-mm-3D_firstorder_Range,209.34264373779297
log-sigma-2-0-mm-3D_firstorder_RobustMeanAbsoluteDeviation,2.9011972101383168
log-sigma-2-0-mm-3D_firstorder_RootMeanSquared,11.569056168040072
log-sigma-2-0-mm-3D_firstorder_Skewness,1.222770363091498
log-sigma-2-0-mm-3D_firstorder_TotalEnergy,162059185.4437166
log-sigma-2-0-mm-3D_firstorder_Uniformity,0.19990200759068227
log-sigma-2-0-mm-3D_firstorder_Variance,120.01497005005002
log-sigma-2-0-mm-3D_glcm_Autocorrelation,1286.7407791432452
log-sigma-2-0-mm-3D_glcm_ClusterProminence,18904.689178995246
log-sigma-2-0-mm-3D_glcm_ClusterShade,367.12394346379824
log-sigma-2-0-mm-3D_glcm_ClusterTendency,39.501435301650794
log-sigma-2-0-mm-3D_glcm_Contrast,2.257832718961932
log-sigma-2-0-mm-3D_glcm_Correlation,0.8908564885411318
log-sigma-2-0-mm-3D_glcm_DifferenceAverage,0.7620463109260455
log-sigma-2-0-mm-3D_glcm_DifferenceEntropy,1.6838854654619682
log-sigma-2-0-mm-3D_glcm_DifferenceVariance,1.654015614403223
log-sigma-2-0-mm-3D_glcm_Id,0.7378094518535255
log-sigma-2-0-mm-3D_glcm_Idm,0.7192210393138024
log-sigma-2-0-mm-3D_glcm_Idmn,0.9994558610456987
log-sigma-2-0-mm-3D_glcm_Idn,0.9886001890660853
log-sigma-2-0-mm-3D_glcm_Imc1,-0.38093779871363687
log-sigma-2-0-mm-3D_glcm_Imc2,0.9458867355105596
log-sigma-2-0-mm-3D_glcm_InverseVariance,0.34547669706833484
log-sigma-2-0-mm-3D_glcm_JointAverage,35.74114662380126
log-sigma-2-0-mm-3D_glcm_JointEnergy,0.10661969626640835
log-sigma-2-0-mm-3D_glcm_JointEntropy,4.965784056546938
log-sigma-2-0-mm-3D_glcm_MCC,0.9135080301915702
log-sigma-2-0-mm-3D_glcm_MaximumProbability,0.28068507081576066
log-sigma-2-0-mm-3D_glcm_SumAverage,71.48229324760253
log-sigma-2-0-mm-3D_glcm_SumEntropy,3.928463350763406
log-sigma-2-0-mm-3D_glcm_SumSquares,10.439817005153174
log-sigma-2-0-mm-3D_glrlm_GrayLevelNonUniformity,63566.88758489598
log-sigma-2-0-mm-3D_glrlm_GrayLevelNonUniformityNormalized,0.10970071784850496
log-sigma-2-0-mm-3D_glrlm_GrayLevelVariance,18.927084461592724
log-sigma-2-0-mm-3D_glrlm_HighGrayLevelRunEmphasis,1340.8215510250654
log-sigma-2-0-mm-3D_glrlm_LongRunEmphasis,10.692901918036496
log-sigma-2-0-mm-3D_glrlm_LongRunHighGrayLevelEmphasis,13329.742010990865
log-sigma-2-0-mm-3D_glrlm_LongRunLowGrayLevelEmphasis,0.008685233086655874
log-sigma-2-0-mm-3D_glrlm_LowGrayLevelRunEmphasis,0.0007990164636546061
log-sigma-2-0-mm-3D_glrlm_RunEntropy,5.634367890816022
log-sigma-2-0-mm-3D_glrlm_RunLengthNonUniformity,238767.23356974166
log-sigma-2-0-mm-3D_glrlm_RunLengthNonUniformityNormalized,0.40860954568601343
log-sigma-2-0-mm-3D_glrlm_RunPercentage,0.47570171267350436
log-sigma-2-0-mm-3D_glrlm_RunVariance,6.030399642978064
log-sigma-2-0-mm-3D_glrlm_ShortRunEmphasis,0.6622736524373393
log-sigma-2-0-mm-3D_glrlm_ShortRunHighGrayLevelEmphasis,912.4349483694098
log-sigma-2-0-mm-3D_glrlm_ShortRunLowGrayLevelEmphasis,0.0005269817098456499
log-sigma-2-0-mm-3D_glszm_GrayLevelNonUniformity,1004.7220001402623
log-sigma-2-0-mm-3D_glszm_GrayLevelNonUniformityNormalized,0.0352311522596347
log-sigma-2-0-mm-3D_glszm_GrayLevelVariance,67.45063784249547
log-sigma-2-0-mm-3D_glszm_HighGrayLevelZoneEmphasis,1362.7488603688898
log-sigma-2-0-mm-3D_glszm_LargeAreaEmphasis,9789725.573216915
log-sigma-2-0-mm-3D_glszm_LargeAreaHighGrayLevelEmphasis,11992367237.409986
log-sigma-2-0-mm-3D_glszm_LargeAreaLowGrayLevelEmphasis,8002.594530870302
log-sigma-2-0-mm-3D_glszm_LowGrayLevelZoneEmphasis,0.0010343613822895268
log-sigma-2-0-mm-3D_glszm_SizeZoneNonUniformity,8472.064731047058
log-sigma-2-0-mm-3D_glszm_SizeZoneNonUniformityNormalized,0.29707780107465664
log-sigma-2-0-mm-3D_glszm_SmallAreaEmphasis,0.5633718169781721
log-sigma-2-0-mm-3D_glszm_SmallAreaHighGrayLevelEmphasis,746.5280727794229
log-sigma-2-0-mm-3D_glszm_SmallAreaLowGrayLevelEmphasis,0.0006241416662701318
log-sigma-2-0-mm-3D_glszm_ZoneEntropy,7.816260200265505
log-sigma-2-0-mm-3D_glszm_ZonePercentage,0.023552731011756544
log-sigma-2-0-mm-3D_glszm_ZoneVariance,9787922.898134708
log-sigma-2-0-mm-3D_gldm_DependenceEntropy,7.331084775229451
log-sigma-2-0-mm-3D_gldm_DependenceNonUniformity,48585.18961938859
log-sigma-2-0-mm-3D_gldm_DependenceNonUniformityNormalized,0.04012602224071274
log-sigma-2-0-mm-3D_gldm_DependenceVariance,57.43502896987541
log-sigma-2-0-mm-3D_gldm_GrayLevelNonUniformity,242044.34932091195
log-sigma-2-0-mm-3D_gldm_GrayLevelVariance,11.295277348633078
log-sigma-2-0-mm-3D_gldm_HighGrayLevelEmphasis,1292.0896272345487
log-sigma-2-0-mm-3D_gldm_LargeDependenceEmphasis,271.52329711805686
log-sigma-2-0-mm-3D_gldm_LargeDependenceHighGrayLevelEmphasis,334948.8417305699
log-sigma-2-0-mm-3D_gldm_LargeDependenceLowGrayLevelEmphasis,0.22141422735443694
log-sigma-2-0-mm-3D_gldm_LowGrayLevelEmphasis,0.0008050103406960061
log-sigma-2-0-mm-3D_gldm_SmallDependenceEmphasis,0.030916795375582288
log-sigma-2-0-mm-3D_gldm_SmallDependenceHighGrayLevelEmphasis,42.81730151938178
log-sigma-2-0-mm-3D_gldm_SmallDependenceLowGrayLevelEmphasis,2.872502607100592e-05
log-sigma-2-0-mm-3D_ngtdm_Busyness,14.652428685745477
log-sigma-2-0-mm-3D_ngtdm_Coarseness,1.715152708833009e-05
log-sigma-2-0-mm-3D_ngtdm_Complexity,758.7919112222044
log-sigma-2-0-mm-3D_ngtdm_Contrast,0.00230726348308978
log-sigma-2-0-mm-3D_ngtdm_Strength,0.09151242509829186
log-sigma-3-0-mm-3D_firstorder_10Percentile,-2.6185511112213136
log-sigma-3-0-mm-3D_firstorder_90Percentile,25.03908576965334
log-sigma-3-0-mm-3D_firstorder_Energy,290228755.36393285
log-sigma-3-0-mm-3D_firstorder_Entropy,3.3846852905014435
log-sigma-3-0-mm-3D_firstorder_InterquartileRange,9.746550537645817
log-sigma-3-0-mm-3D_firstorder_Kurtosis,9.115267865251278
log-sigma-3-0-mm-3D_firstorder_Maximum,119.00827026367188
log-sigma-3-0-mm-3D_firstorder_MeanAbsoluteDeviation,9.457813182261145
log-sigma-3-0-mm-3D_firstorder_Mean,6.482701802179324
log-sigma-3-0-mm-3D_firstorder_Median,2.187460422515869
log-sigma-3-0-mm-3D_firstorder_Minimum,-118.16642761230469
log-sigma-3-0-mm-3D_firstorder_Range,237.17469787597656
log-sigma-3-0-mm-3D_firstorder_RobustMeanAbsoluteDeviation,4.9031481426042225
log-sigma-3-0-mm-3D_firstorder_RootMeanSquared,15.482151875098776
log-sigma-3-0-mm-3D_firstorder_Skewness,1.1931530578165892
log-sigma-3-0-mm-3D_firstorder_TotalEnergy,290228755.36393285
log-sigma-3-0-mm-3D_firstorder_Uniformity,0.1622347171286471
log-sigma-3-0-mm-3D_firstorder_Variance,197.6716040276455
log-sigma-3-0-mm-3D_glcm_Autocorrelation,1176.5035960732744
log-sigma-3-0-mm-3D_glcm_ClusterProminence,25322.982356887696
log-sigma-3-0-mm-3D_glcm_ClusterShade,547.6231979876998
log-sigma-3-0-mm-3D_glcm_ClusterTendency,53.15764460622665
log-sigma-3-0-mm-3D_glcm_Contrast,1.7303218509525111
log-sigma-3-0-mm-3D_glcm_Correlation,0.9365766503578014
log-sigma-3-0-mm-3D_glcm_DifferenceAverage,0.651246169937274
log-sigma-3-0-mm-3D_glcm_DifferenceEntropy,1.5534109129595883
log-sigma-3-0-mm-3D_glcm_DifferenceVariance,1.2873374179046502
log-sigma-3-0-mm-3D_glcm_Id,0.7666762935489481
log-sigma-3-0-mm-3D_glcm_Idm,0.7509378697924747
log-sigma-3-0-mm-3D_glcm_Idmn,0.9995813752212441
log-sigma-3-0-mm-3D_glcm_Idn,0.9902173553141055
log-sigma-3-0-mm-3D_glcm_Imc1,-0.47732646094880776
log-sigma-3-0-mm-3D_glcm_Imc2,0.97721075503805
log-sigma-3-0-mm-3D_glcm_InverseVariance,0.31797225091567916
log-sigma-3-0-mm-3D_glcm_JointAverage,34.11226545768353
log-sigma-3-0-mm-3D_glcm_JointEnergy,0.09590243149053447
log-sigma-3-0-mm-3D_glcm_JointEntropy,5.074714143712561
log-sigma-3-0-mm-3D_glcm_MCC,0.949575769181927
log-sigma-3-0-mm-3D_glcm_MaximumProbability,0.23209816414432402
log-sigma-3-0-mm-3D_glcm_SumAverage,68.22453091536705
log-sigma-3-0-mm-3D_glcm_SumEntropy,4.171361160312236
log-sigma-3-0-mm-3D_glcm_SumSquares,13.721991614294787
log-sigma-3-0-mm-3D_glrlm_GrayLevelNonUniformity,43485.55428521982
log-sigma-3-0-mm-3D_glrlm_GrayLevelNonUniformityNormalized,0.08290809098683044
log-sigma-3-0-mm-3D_glrlm_GrayLevelVariance,23.839884536306847
log-sigma-3-0-mm-3D_glrlm_HighGrayLevelRunEmphasis,1256.8935637856698
log-sigma-3-0-mm-3D_glrlm_LongRunEmphasis,14.216388164424533
log-sigma-3-0-mm-3D_glrlm_LongRunHighGrayLevelEmphasis,15766.277584098894
log-sigma-3-0-mm-3D_glrlm_LongRunLowGrayLevelEmphasis,0.013069659397790655
log-sigma-3-0-mm-3D_glrlm_LowGrayLevelRunEmphasis,0.000886764815326679
log-sigma-3-0-mm-3D_glrlm_RunEntropy,6.047847730640039
log-sigma-3-0-mm-3D_glrlm_RunLengthNonUniformity,205754.3234084381
log-sigma-3-0-mm-3D_glrlm_RunLengthNonUniformityNormalized,0.3878453322081793
log-sigma-3-0-mm-3D_glrlm_RunPercentage,0.430611295189286
log-sigma-3-0-mm-3D_glrlm_RunVariance,8.460153037769423
log-sigma-3-0-mm-3D_glrlm_ShortRunEmphasis,0.6450692547450192
log-sigma-3-0-mm-3D_glrlm_ShortRunHighGrayLevelEmphasis,843.5583657720033
log-sigma-3-0-mm-3D_glrlm_ShortRunLowGrayLevelEmphasis,0.0005701256349193702
log-sigma-3-0-mm-3D_glszm_GrayLevelNonUniformity,809.1492350362352
log-sigma-3-0-mm-3D_glszm_GrayLevelNonUniformityNormalized,0.03619706696950144
log-sigma-3-0-mm-3D_glszm_GrayLevelVariance,66.58594375204726
log-sigma-3-0-mm-3D_glszm_HighGrayLevelZoneEmphasis,1161.5463004384003
log-sigma-3-0-mm-3D_glszm_LargeAreaEmphasis,10123563.758119352
log-sigma-3-0-mm-3D_glszm_LargeAreaHighGrayLevelEmphasis,10973901533.079897
log-sigma-3-0-mm-3D_glszm_LargeAreaLowGrayLevelEmphasis,9374.019454013856
log-sigma-3-0-mm-3D_glszm_LowGrayLevelZoneEmphasis,0.0013851542299425914
log-sigma-3-0-mm-3D_glszm_SizeZoneNonUniformity,6906.778920998479
log-sigma-3-0-mm-3D_glszm_SizeZoneNonUniformityNormalized,0.30897284248897194
log-sigma-3-0-mm-3D_glszm_SmallAreaEmphasis,0.5724306554496008
log-sigma-3-0-mm-3D_glszm_SmallAreaHighGrayLevelEmphasis,639.0279590420325
log-sigma-3-0-mm-3D_glszm_SmallAreaLowGrayLevelEmphasis,0.0008161945878105195
log-sigma-3-0-mm-3D_glszm_ZoneEntropy,7.603634659332268
log-sigma-3-0-mm-3D_glszm_ZonePercentage,0.01846194505353832
log-sigma-3-0-mm-3D_glszm_ZoneVariance,10120629.859573795
log-sigma-3-0-mm-3D_gldm_DependenceEntropy,7.4715812218524285
log-sigma-3-0-mm-3D_gldm_DependenceNonUniformity,59840.364624653645
log-sigma-3-0-mm-3D_gldm_DependenceNonUniformityNormalized,0.04942155872255765
log-sigma-3-0-mm-3D_gldm_DependenceVariance,61.23009607855182
log-sigma-3-0-mm-3D_gldm_GrayLevelNonUniformity,196436.22902012282
log-sigma-3-0-mm-3D_gldm_GrayLevelVariance,14.482273375403087
log-sigma-3-0-mm-3D_gldm_HighGrayLevelEmphasis,1179.839729438436
log-sigma-3-0-mm-3D_gldm_LargeDependenceEmphasis,310.99987281294005
log-sigma-3-0-mm-3D_gldm_LargeDependenceHighGrayLevelEmphasis,341572.9763473363
log-sigma-3-0-mm-3D_gldm_LargeDependenceLowGrayLevelEmphasis,0.28646861182668865
log-sigma-3-0-mm-3D_gldm_LowGrayLevelEmphasis,0.0008999177374251446
log-sigma-3-0-mm-3D_gldm_SmallDependenceEmphasis,0.02586934728017266
log-sigma-3-0-mm-3D_gldm_SmallDependenceHighGrayLevelEmphasis,32.194871378337254
log-sigma-3-0-mm-3D_gldm_SmallDependenceLowGrayLevelEmphasis,2.936890449900959e-05
log-sigma-3-0-mm-3D_ngtdm_Busyness,11.269566443710728
log-sigma-3-0-mm-3D_ngtdm_Coarseness,2.351068845533852e-05
log-sigma-3-0-mm-3D_ngtdm_Complexity,632.8867209389718
log-sigma-3-0-mm-3D_ngtdm_Contrast,0.002334356519573059
log-sigma-3-0-mm-3D_ngtdm_Strength,0.11659907815041688
wavelet-LLH_firstorder_10Percentile,-1.262966120466357
wavelet-LLH_firstorder_90Percentile,2.0465147430155564
wavelet-LLH_firstorder_Energy,192962531.66612288
wavelet-LLH_firstorder_Entropy,0.7475042407207131
wavelet-LLH_firstorder_InterquartileRange,0.7349966954834211
wavelet-LLH_firstorder_Kurtosis,355.2204951917331
wavelet-LLH_firstorder_Maximum,344.14925721289853
wavelet-LLH_firstorder_MeanAbsoluteDeviation,2.5547305274939687
wavelet-LLH_firstorder_Mean,1.063861704134976
wavelet-LLH_firstorder_Median,0.041423690480445766
wavelet-LLH_firstorder_Minimum,-66.8051529273671
wavelet-LLH_firstorder_Range,410.9544101402656
wavelet-LLH_firstorder_RobustMeanAbsoluteDeviation,0.40270824245801484
wavelet-LLH_firstorder_RootMeanSquared,12.62401779236532
wavelet-LLH_firstorder_Skewness,17.480629102834847
wavelet-LLH_firstorder_TotalEnergy,192962531.66612288
wavelet-LLH_firstorder_Uniformity,0.8035113463740333
wavelet-LLH_firstorder_Variance,158.23402349643123
wavelet-LLH_glcm_Autocorrelation,124.47920879446686
wavelet-LLH_glcm_ClusterProminence,31426.14275050002
wavelet-LLH_glcm_ClusterShade,452.9287157094343
wavelet-LLH_glcm_ClusterTendency,8.135761317485194
wavelet-LLH_glcm_Contrast,2.2041079184588748
wavelet-LLH_glcm_Correlation,0.46536972659939513
wavelet-LLH_glcm_DifferenceAverage,0.26551758592438124
wavelet-LLH_glcm_DifferenceEntropy,0.7879637326788047
wavelet-LLH_glcm_DifferenceVariance,2.119730674612939
wavelet-LLH_glcm_Id,0.9148906883162566
wavelet-LLH_glcm_Idm,0.9110011868073632
wavelet-LLH_glcm_Idmn,0.9995530984696874
wavelet-LLH_glcm_Idn,0.9962392763656805
wavelet-LLH_glcm_Imc1,-0.18657418797878186
wavelet-LLH_glcm_Imc2,0.4077004815902707
wavelet-LLH_glcm_InverseVariance,0.13088086071650878
wavelet-LLH_glcm_JointAverage,11.090335092254602
wavelet-LLH_glcm_JointEnergy,0.6896079175867259
wavelet-LLH_glcm_JointEntropy,1.2701207247413404
wavelet-LLH_glcm_MCC,0.7358645408312623
wavelet-LLH_glcm_MaximumProbability,0.8272649517672155
wavelet-LLH_glcm_SumAverage,22.180670184509196
wavelet-LLH_glcm_SumEntropy,1.0903937309713216
wavelet-LLH_glcm_SumSquares,2.5849673089860166
wavelet-LLH_glrlm_GrayLevelNonUniformity,70501.49955831819
wavelet-LLH_glrlm_GrayLevelNonUniformityNormalized,0.3188208119081546
wavelet-LLH_glrlm_GrayLevelVariance,20.077083273312756
wavelet-LLH_glrlm_HighGrayLevelRunEmphasis,156.83483196127702
wavelet-LLH_glrlm_LongRunEmphasis,219.0678401285728
wavelet-LLH_glrlm_LongRunHighGrayLevelEmphasis,26582.053644880336
wavelet-LLH_glrlm_LongRunLowGrayLevelEmphasis,1.8102154349121404
wavelet-LLH_glrlm_LowGrayLevelRunEmphasis,0.008258001399330153
wavelet-LLH_glrlm_RunEntropy,4.597382583757502
wavelet-LLH_glrlm_RunLengthNonUniformity,66181.33180089587
wavelet-LLH_glrlm_RunLengthNonUniformityNormalized,0.28315459369434526
wavelet-LLH_glrlm_RunPercentage,0.17969053901710835
wavelet-LLH_glrlm_RunVariance,171.6475349285456
wavelet-LLH_glrlm_ShortRunEmphasis,0.5341585935793677
wavelet-LLH_glrlm_ShortRunHighGrayLevelEmphasis,97.37333136697588
wavelet-LLH_glrlm_ShortRunLowGrayLevelEmphasis,0.004403606119250908
wavelet-LLH_glszm_GrayLevelNonUniformity,2784.992699724518
wavelet-LLH_glszm_GrayLevelNonUniformityNormalized,0.1918039049397051
wavelet-LLH_glszm_GrayLevelVariance,84.34925361807407
wavelet-LLH_glszm_HighGrayLevelZoneEmphasis,273.2792011019284
wavelet-LLH_glszm_LargeAreaEmphasis,80805531.27238292
wavelet-LLH_glszm_LargeAreaHighGrayLevelEmphasis,9777504347.817217
wavelet-LLH_glszm_LargeAreaLowGrayLevelEmphasis,667813.4921689004
wavelet-LLH_glszm_LowGrayLevelZoneEmphasis,0.008481157784216911
wavelet-LLH_glszm_SizeZoneNonUniformity,1784.5318181818182
wavelet-LLH_glszm_SizeZoneNonUniformityNormalized,0.12290164037064863
wavelet-LLH_glszm_SmallAreaEmphasis,0.33239380786184897
wavelet-LLH_glszm_SmallAreaHighGrayLevelEmphasis,136.5789913276397
wavelet-LLH_glszm_SmallAreaLowGrayLevelEmphasis,0.002759432199790447
wavelet-LLH_glszm_ZoneEntropy,7.147284982996217
wavelet-LLH_glszm_ZonePercentage,0.011991922795802827
wavelet-LLH_glszm_ZoneVariance,80798577.46987519
wavelet-LLH_gldm_DependenceEntropy,3.620402485644565
wavelet-LLH_gldm_DependenceNonUniformity,237658.25483083708
wavelet-LLH_gldm_DependenceNonUniformityNormalized,0.19627957601354218
wavelet-LLH_gldm_DependenceVariance,47.43540024727106
wavelet-LLH_gldm_GrayLevelNonUniformity,972903.5908598753
wavelet-LLH_gldm_GrayLevelVariance,3.829280396780041
wavelet-LLH_gldm_HighGrayLevelEmphasis,127.7648525992823
wavelet-LLH_gldm_LargeDependenceEmphasis,545.977037780338
wavelet-LLH_gldm_LargeDependenceHighGrayLevelEmphasis,66181.01809772756
wavelet-LLH_gldm_LargeDependenceLowGrayLevelEmphasis,4.51198059268486
wavelet-LLH_gldm_LowGrayLevelEmphasis,0.00826189654010468
wavelet-LLH_gldm_SmallDependenceEmphasis,0.011462501981990107
wavelet-LLH_gldm_SmallDependenceHighGrayLevelEmphasis,3.0335996611159737
wavelet-LLH_gldm_SmallDependenceLowGrayLevelEmphasis,9.47276401914538e-05
wavelet-LLH_ngtdm_Busyness,69.37120350541223
wavelet-LLH_ngtdm_Coarseness,1.0455861257710519e-05
wavelet-LLH_ngtdm_Complexity,670.7066940194364
wavelet-LLH_ngtdm_Contrast,0.000494303182296091
wavelet-LLH_ngtdm_Strength,0.32564672350808566
wavelet-LHL_firstorder_10Percentile,-4.039403111391628
wavelet-LHL_firstorder_90Percentile,4.939472763565312
wavelet-LHL_firstorder_Energy,35468767.637078494
wavelet-LHL_firstorder_Entropy,2.1538194361427823
wavelet-LHL_firstorder_InterquartileRange,3.2958034882193292
wavelet-LHL_firstorder_Kurtosis,30.380933643118492
wavelet-LHL_firstorder_Maximum,112.85918342734806
wavelet-LHL_firstorder_MeanAbsoluteDeviation,3.0821380354636103
wavelet-LHL_firstorder_Mean,0.39812016132617445
wavelet-LHL_firstorder_Median,0.18212052978541388
wavelet-LHL_firstorder_Minimum,-133.5306855864605
wavelet-LHL_firstorder_Range,246.38986901380855
wavelet-LHL_firstorder_RobustMeanAbsoluteDeviation,1.4892317891463263
wavelet-LHL_firstorder_RootMeanSquared,5.412328564817005
wavelet-LHL_firstorder_Skewness,0.47522734055215765
wavelet-LHL_firstorder_TotalEnergy,35468767.637078494
wavelet-LHL_firstorder_Uniformity,0.33582611205798013
wavelet-LHL_firstorder_Variance,29.134800830679726
wavelet-LHL_glcm_Autocorrelation,1243.6293348638806
wavelet-LHL_glcm_ClusterProminence,771.91672201794
wavelet-LHL_glcm_ClusterShade,11.247484538612266
wavelet-LHL_glcm_ClusterTendency,5.4421410321506904
wavelet-LHL_glcm_Contrast,2.0374460530097767
wavelet-LHL_glcm_Correlation,0.44640468938824207
wavelet-LHL_glcm_DifferenceAverage,0.7561563826027063
wavelet-LHL_glcm_DifferenceEntropy,1.6627581909860172
wavelet-LHL_glcm_DifferenceVariance,1.411793113816283
wavelet-LHL_glcm_Id,0.7346317624850776
wavelet-LHL_glcm_Idm,0.7147379430879487
wavelet-LHL_glcm_Idmn,0.9995083006782911
wavelet-LHL_glcm_Idn,0.9886471172174058
wavelet-LHL_glcm_Imc1,-0.16353413800977942
wavelet-LHL_glcm_Imc2,0.6317168801436973
wavelet-LHL_glcm_InverseVariance,0.3438098141377808
wavelet-LHL_glcm_JointAverage,35.253058595071835
wavelet-LHL_glcm_JointEnergy,0.17167187069000972
wavelet-LHL_glcm_JointEntropy,3.8938834579692685
wavelet-LHL_glcm_MCC,0.5809596319892418
wavelet-LHL_glcm_MaximumProbability,0.3715276882441469
wavelet-LHL_glcm_SumAverage,70.5061171901437
wavelet-LHL_glcm_SumEntropy,2.7962315989059663
wavelet-LHL_glcm_SumSquares,1.8698967712901167
wavelet-LHL_glrlm_GrayLevelNonUniformity,125112.51140835634
wavelet-LHL_glrlm_GrayLevelNonUniformityNormalized,0.21380527711264
wavelet-LHL_glrlm_GrayLevelVariance,3.6064171532112157
wavelet-LHL_glrlm_HighGrayLevelRunEmphasis,1253.648359140819
wavelet-LHL_glrlm_LongRunEmphasis,14.090645768149084
wavelet-LHL_glrlm_LongRunHighGrayLevelEmphasis,17375.57238752964
wavelet-LHL_glrlm_LongRunLowGrayLevelEmphasis,0.011454079019393364
wavelet-LHL_glrlm_LowGrayLevelRunEmphasis,0.0008143059567845511
wavelet-LHL_glrlm_RunEntropy,4.504120699997767
wavelet-LHL_glrlm_RunLengthNonUniformity,243765.07864469016
wavelet-LHL_glrlm_RunLengthNonUniformityNormalized,0.403883603255166
wavelet-LHL_glrlm_RunPercentage,0.47988656083203973
wavelet-LHL_glrlm_RunVariance,8.9871947642525
wavelet-LHL_glrlm_ShortRunEmphasis,0.6495585440147296
wavelet-LHL_glrlm_ShortRunHighGrayLevelEmphasis,817.0863730787338
wavelet-LHL_glrlm_ShortRunLowGrayLevelEmphasis,0.000531685918511356
wavelet-LHL_glszm_GrayLevelNonUniformity,2043.808101771782
wavelet-LHL_glszm_GrayLevelNonUniformityNormalized,0.07855060155162698
wavelet-LHL_glszm_GrayLevelVariance,22.260067115097716
wavelet-LHL_glszm_HighGrayLevelZoneEmphasis,1284.2748376186632
wavelet-LHL_glszm_LargeAreaEmphasis,18162627.902571198
wavelet-LHL_glszm_LargeAreaHighGrayLevelEmphasis,22430188629.388218
wavelet-LHL_glszm_LargeAreaLowGrayLevelEmphasis,14714.487465629245
wavelet-LHL_glszm_LowGrayLevelZoneEmphasis,0.0009519873779241335
wavelet-LHL_glszm_SizeZoneNonUniformity,4590.838272031977
wavelet-LHL_glszm_SizeZoneNonUniformityNormalized,0.1764417645578991
wavelet-LHL_glszm_SmallAreaEmphasis,0.4169511535763827
wavelet-LHL_glszm_SmallAreaHighGrayLevelEmphasis,537.5030562396444
wavelet-LHL_glszm_SmallAreaLowGrayLevelEmphasis,0.00043914193192579466
wavelet-LHL_glszm_ZoneEntropy,7.532480963274932
wavelet-LHL_glszm_ZonePercentage,0.021488831902478907
wavelet-LHL_glszm_ZoneVariance,18160462.321818735
wavelet-LHL_gldm_DependenceEntropy,6.317313576783757
wavelet-LHL_gldm_DependenceNonUniformity,50122.87323744751
wavelet-LHL_gldm_DependenceNonUniformityNormalized,0.04139597976358693
wavelet-LHL_gldm_DependenceVariance,55.39776435131471
wavelet-LHL_gldm_GrayLevelNonUniformity,406623.29387148324
wavelet-LHL_gldm_GrayLevelVariance,2.0456585632621533
wavelet-LHL_gldm_HighGrayLevelEmphasis,1245.5933647997424
wavelet-LHL_gldm_LargeDependenceEmphasis,266.31382415976014
wavelet-LHL_gldm_LargeDependenceHighGrayLevelEmphasis,328841.5045535445
wavelet-LHL_gldm_LargeDependenceLowGrayLevelEmphasis,0.21592881446819595
wavelet-LHL_gldm_LowGrayLevelEmphasis,0.0008115686860779651
wavelet-LHL_gldm_SmallDependenceEmphasis,0.02565760704703398
wavelet-LHL_gldm_SmallDependenceHighGrayLevelEmphasis,32.67569674219655
wavelet-LHL_gldm_SmallDependenceLowGrayLevelEmphasis,2.3189406976379898e-05
wavelet-LHL_ngtdm_Busyness,29.279851755638198
wavelet-LHL_ngtdm_Coarseness,8.133772811309644e-06
wavelet-LHL_ngtdm_Complexity,1129.838508908881
wavelet-LHL_ngtdm_Contrast,0.0005980330914405394
wavelet-LHL_ngtdm_Strength,0.06274625430821976
wavelet-LHH_firstorder_10Percentile,-0.34109730782611286
wavelet-LHH_firstorder_90Percentile,0.3345504385410558
wavelet-LHH_firstorder_Energy,442200.98422909854
wavelet-LHH_firstorder_Entropy,1.5201617046678542
wavelet-LHH_firstorder_InterquartileRange,0.15644902814243825
wavelet-LHH_firstorder_Kurtosis,54.87426709079614
wavelet-LHH_firstorder_Maximum,19.44849254919522
wavelet-LHH_firstorder_MeanAbsoluteDeviation,0.2642245207515458
wavelet-LHH_firstorder_Mean,-0.0028205104210312732
wavelet-LHH_firstorder_Median,-0.0006263476291819872
wavelet-LHH_firstorder_Minimum,-19.61584505215375
wavelet-LHH_firstorder_Range,39.06433760134897
wavelet-LHH_firstorder_RobustMeanAbsoluteDeviation,0.08187628668404982
wavelet-LHH_firstorder_RootMeanSquared,0.6043255502931735
wavelet-LHH_firstorder_Skewness,-0.3420784890200033
wavelet-LHH_firstorder_TotalEnergy,442200.98422909854
wavelet-LHH_firstorder_Uniformity,0.5152767646392958
wavelet-LHH_firstorder_Variance,0.36520141545811186
wavelet-LHH_glcm_Autocorrelation,1074.908047454985
wavelet-LHH_glcm_ClusterProminence,177.93269841039907
wavelet-LHH_glcm_ClusterShade,-2.784362794703124
wavelet-LHH_glcm_ClusterTendency,2.3499000414632447
wavelet-LHH_glcm_Contrast,1.6430112825505025
wavelet-LHH_glcm_Correlation,0.17184742419942525
wavelet-LHH_glcm_DifferenceAverage,0.6574996370115519
wavelet-LHH_glcm_DifferenceEntropy,1.5430556307763899
wavelet-LHH_glcm_DifferenceVariance,1.1924665308079119
wavelet-LHH_glcm_Id,0.757384191273589
wavelet-LHH_glcm_Idm,0.741786741657142
wavelet-LHH_glcm_Idmn,0.9996031451898337
wavelet-LHH_glcm_Idn,0.9901000162043248
wavelet-LHH_glcm_Imc1,-0.0840085193938065
wavelet-LHH_glcm_Imc2,0.3893431433384409
wavelet-LHH_glcm_InverseVariance,0.3398161852905164
wavelet-LHH_glcm_JointAverage,32.78309510329133
wavelet-LHH_glcm_JointEnergy,0.29760629557952245
wavelet-LHH_glcm_JointEntropy,2.86107438059827
wavelet-LHH_glcm_MCC,0.3064157567198412
wavelet-LHH_glcm_MaximumProbability,0.5101328883603855
wavelet-LHH_glcm_SumAverage,65.56619020658265
wavelet-LHH_glcm_SumEntropy,2.1518358352047273
wavelet-LHH_glcm_SumSquares,0.9982278310034371
wavelet-LHH_glrlm_GrayLevelNonUniformity,165560.12165344472
wavelet-LHH_glrlm_GrayLevelNonUniformityNormalized,0.29953140601157807
wavelet-LHH_glrlm_GrayLevelVariance,2.256917461120472
wavelet-LHH_glrlm_HighGrayLevelRunEmphasis,1065.955920508073
wavelet-LHH_glrlm_LongRunEmphasis,21.757538068042624
wavelet-LHH_glrlm_LongRunHighGrayLevelEmphasis,23634.50428373406
wavelet-LHH_glrlm_LongRunLowGrayLevelEmphasis,0.020044964359874164
wavelet-LHH_glrlm_LowGrayLevelRunEmphasis,0.0009496966815987466
wavelet-LHH_glrlm_RunEntropy,3.868607586513232
wavelet-LHH_glrlm_RunLengthNonUniformity,233422.99747643567
wavelet-LHH_glrlm_RunLengthNonUniformityNormalized,0.4158500293256427
wavelet-LHH_glrlm_RunPercentage,0.45028399498240057
wavelet-LHH_glrlm_RunVariance,15.846430595092219
wavelet-LHH_glrlm_ShortRunEmphasis,0.6615428178474784
wavelet-LHH_glrlm_ShortRunHighGrayLevelEmphasis,701.7248757071937
wavelet-LHH_glrlm_ShortRunLowGrayLevelEmphasis,0.0006347336186897556
wavelet-LHH_glszm_GrayLevelNonUniformity,8799.742599558751
wavelet-LHH_glszm_GrayLevelNonUniformityNormalized,0.1396718029230156
wavelet-LHH_glszm_GrayLevelVariance,11.481546528616343
wavelet-LHH_glszm_HighGrayLevelZoneEmphasis,1077.4253289525896
wavelet-LHH_glszm_LargeAreaEmphasis,11690918.885783216
wavelet-LHH_glszm_LargeAreaHighGrayLevelEmphasis,12690587075.857927
wavelet-LHH_glszm_LargeAreaLowGrayLevelEmphasis,10772.07152978065
wavelet-LHH_glszm_LowGrayLevelZoneEmphasis,0.0009973935741957338
wavelet-LHH_glszm_SizeZoneNonUniformity,19977.619335587195
wavelet-LHH_glszm_SizeZoneNonUniformityNormalized,0.3170899692964969
wavelet-LHH_glszm_SmallAreaEmphasis,0.5775086997001152
wavelet-LHH_glszm_SmallAreaHighGrayLevelEmphasis,622.7874406922989
wavelet-LHH_glszm_SmallAreaLowGrayLevelEmphasis,0.0005948042291525551
wavelet-LHH_glszm_ZoneEntropy,5.5910497753347554
wavelet-LHH_glszm_ZonePercentage,0.05203354765178826
wavelet-LHH_glszm_ZoneVariance,11690549.540016474
wavelet-LHH_gldm_DependenceEntropy,5.241913459266446
wavelet-LHH_gldm_DependenceNonUniformity,50703.21049293245
wavelet-LHH_gldm_DependenceNonUniformityNormalized,0.041875274499351633
wavelet-LHH_gldm_DependenceVariance,59.04200471130137
wavelet-LHH_gldm_GrayLevelNonUniformity,623904.8357767289
wavelet-LHH_gldm_GrayLevelVariance,1.083035371267045
wavelet-LHH_gldm_HighGrayLevelEmphasis,1075.6549307697708
wavelet-LHH_gldm_LargeDependenceEmphasis,292.90611282483286
wavelet-LHH_gldm_LargeDependenceHighGrayLevelEmphasis,318248.1712160817
wavelet-LHH_gldm_LargeDependenceLowGrayLevelEmphasis,0.2696381259938466
wavelet-LHH_gldm_LowGrayLevelEmphasis,0.0009350129858697853
wavelet-LHH_gldm_SmallDependenceEmphasis,0.0475997050752467
wavelet-LHH_gldm_SmallDependenceHighGrayLevelEmphasis,51.07469406280144
wavelet-LHH_gldm_SmallDependenceLowGrayLevelEmphasis,4.767291634432399e-05
wavelet-LHH_ngtdm_Busyness,39.647705322094694
wavelet-LHH_ngtdm_Coarseness,6.671479981516789e-06
wavelet-LHH_ngtdm_Complexity,876.3714470945986
wavelet-LHH_ngtdm_Contrast,0.00029688535400948973
wavelet-LHH_ngtdm_Strength,0.06478674279535782
wavelet-HLL_firstorder_10Percentile,-3.634593687139224
wavelet-HLL_firstorder_90Percentile,4.8593024785525625
wavelet-HLL_firstorder_Energy,47407378.01210296
wavelet-HLL_firstorder_Entropy,2.1360782381316805
wavelet-HLL_firstorder_InterquartileRange,3.0752890183376125
wavelet-HLL_firstorder_Kurtosis,43.283020441338486
wavelet-HLL_firstorder_Maximum,113.23169243926138
wavelet-HLL_firstorder_MeanAbsoluteDeviation,3.1550369167058006
wavelet-HLL_firstorder_Mean,0.49464567764846384
wavelet-HLL_firstorder_Median,0.20467058389795265
wavelet-HLL_firstorder_Minimum,-134.35087243421432
wavelet-HLL_firstorder_Range,247.5825648734757
wavelet-HLL_firstorder_RobustMeanAbsoluteDeviation,1.3993290235214
wavelet-HLL_firstorder_RootMeanSquared,6.257258138570924
wavelet-HLL_firstorder_Skewness,0.5848657416973141
wavelet-HLL_firstorder_TotalEnergy,47407378.01210296
wavelet-HLL_firstorder_Uniformity,0.34612482640879116
wavelet-HLL_firstorder_Variance,38.90860506629576
wavelet-HLL_glcm_Autocorrelation,1249.9506970941125
wavelet-HLL_glcm_ClusterProminence,2034.5885759533771
wavelet-HLL_glcm_ClusterShade,27.5508244320867
wavelet-HLL_glcm_ClusterTendency,7.330173805850605
wavelet-HLL_glcm_Contrast,2.2999167174557957
wavelet-HLL_glcm_Correlation,0.5090403666794774
wavelet-HLL_glcm_DifferenceAverage,0.7411080118696786
wavelet-HLL_glcm_DifferenceEntropy,1.6324660612272388
wavelet-HLL_glcm_DifferenceVariance,1.702742257401947
wavelet-HLL_glcm_Id,0.7415352331387474
wavelet-HLL_glcm_Idm,0.7236135950205291
wavelet-HLL_glcm_Idmn,0.9994518654577168
wavelet-HLL_glcm_Idn,0.9889267609170604
wavelet-HLL_glcm_Imc1,-0.1751094831412819
wavelet-HLL_glcm_Imc2,0.6616079513693693
wavelet-HLL_glcm_InverseVariance,0.346630822750634
wavelet-HLL_glcm_JointAverage,35.33685220060848
wavelet-HLL_glcm_JointEnergy,0.17927874318418327
wavelet-HLL_glcm_JointEntropy,3.8341218468730323
wavelet-HLL_glcm_MCC,0.6498716389433057
wavelet-HLL_glcm_MaximumProbability,0.37614274193779007
wavelet-HLL_glcm_SumAverage,70.67370440121701
wavelet-HLL_glcm_SumEntropy,2.792947364482914
wavelet-HLL_glcm_SumSquares,2.4075226308265982
wavelet-HLL_glrlm_GrayLevelNonUniformity,127645.81462981155
wavelet-HLL_glrlm_GrayLevelNonUniformityNormalized,0.22164793639846342
wavelet-HLL_glrlm_GrayLevelVariance,4.965393818742833
wavelet-HLL_glrlm_HighGrayLevelRunEmphasis,1261.050825578155
wavelet-HLL_glrlm_LongRunEmphasis,14.041660837881306
wavelet-HLL_glrlm_LongRunHighGrayLevelEmphasis,17346.969410832324
wavelet-HLL_glrlm_LongRunLowGrayLevelEmphasis,0.011401575115493818
wavelet-HLL_glrlm_LowGrayLevelRunEmphasis,0.0008146693035075388
wavelet-HLL_glrlm_RunEntropy,4.5689611694680075
wavelet-HLL_glrlm_RunLengthNonUniformity,230641.31609167464
wavelet-HLL_glrlm_RunLengthNonUniformityNormalized,0.38955931581754466
wavelet-HLL_glrlm_RunPercentage,0.4717839446348756
wavelet-HLL_glrlm_RunVariance,8.81075350636056
wavelet-HLL_glrlm_ShortRunEmphasis,0.6379692580695804
wavelet-HLL_glrlm_ShortRunHighGrayLevelEmphasis,808.1380304749971
wavelet-HLL_glrlm_ShortRunLowGrayLevelEmphasis,0.000523701948611637
wavelet-HLL_glszm_GrayLevelNonUniformity,1874.06910643938
wavelet-HLL_glszm_GrayLevelNonUniformityNormalized,0.06899853121900446
wavelet-HLL_glszm_GrayLevelVariance,33.346664577870335
wavelet-HLL_glszm_HighGrayLevelZoneEmphasis,1287.4285556496447
wavelet-HLL_glszm_LargeAreaEmphasis,18000536.683811348
wavelet-HLL_glszm_LargeAreaHighGrayLevelEmphasis,22268945234.05751
wavelet-HLL_glszm_LargeAreaLowGrayLevelEmphasis,14557.883904361048
wavelet-HLL_glszm_LowGrayLevelZoneEmphasis,0.0009643066254396946
wavelet-HLL_glszm_SizeZoneNonUniformity,5247.703950517286
wavelet-HLL_glszm_SizeZoneNonUniformityNormalized,0.19320731749631037
wavelet-HLL_glszm_SmallAreaEmphasis,0.44056077429483215
wavelet-HLL_glszm_SmallAreaHighGrayLevelEmphasis,569.3277086852412
wavelet-HLL_glszm_SmallAreaLowGrayLevelEmphasis,0.0004532014843302749
wavelet-HLL_glszm_ZoneEntropy,7.660396111226725
wavelet-HLL_glszm_ZonePercentage,0.0224319982821488
wavelet-HLL_glszm_ZoneVariance,17998549.380876325
wavelet-HLL_gldm_DependenceEntropy,6.313148050418298
wavelet-HLL_gldm_DependenceNonUniformity,48749.85406441116
wavelet-HLL_gldm_DependenceNonUniformityNormalized,0.04026201695916483
wavelet-HLL_gldm_DependenceVariance,53.77220382051275
wavelet-HLL_gldm_GrayLevelNonUniformity,419093.1316881605
wavelet-HLL_gldm_GrayLevelVariance,2.688222273275036
wavelet-HLL_gldm_HighGrayLevelEmphasis,1250.7919673938627
wavelet-HLL_gldm_LargeDependenceEmphasis,270.85168667385193
wavelet-HLL_gldm_LargeDependenceHighGrayLevelEmphasis,335164.34933660383
wavelet-HLL_gldm_LargeDependenceLowGrayLevelEmphasis,0.21916235428487246
wavelet-HLL_gldm_LowGrayLevelEmphasis,0.0008106939905300395
wavelet-HLL_gldm_SmallDependenceEmphasis,0.025985198022273392
wavelet-HLL_gldm_SmallDependenceHighGrayLevelEmphasis,33.298503976335915
wavelet-HLL_gldm_SmallDependenceLowGrayLevelEmphasis,2.3750934230950638e-05
wavelet-HLL_ngtdm_Busyness,29.299011393591513
wavelet-HLL_ngtdm_Coarseness,7.991686193820974e-06
wavelet-HLL_ngtdm_Complexity,1122.5402489725072
wavelet-HLL_ngtdm_Contrast,0.0007445540772258662
wavelet-HLL_ngtdm_Strength,0.06663119546963561
wavelet-HLH_firstorder_10Percentile,-0.3527368734099686
wavelet-HLH_firstorder_90Percentile,0.34481100922851293
wavelet-HLH_firstorder_Energy,473971.96178047336
wavelet-HLH_firstorder_Entropy,1.35459657704505
wavelet-HLH_firstorder_InterquartileRange,0.1617948016413615
wavelet-HLH_firstorder_Kurtosis,56.995867682431054
wavelet-HLH_firstorder_Maximum,19.510994484196765
wavelet-HLH_firstorder_MeanAbsoluteDeviation,0.2717674405236111
wavelet-HLH_firstorder_Mean,-0.003022935128028255
wavelet-HLH_firstorder_Median,-0.0004849732109185094
wavelet-HLH_firstorder_Minimum,-18.82827820894411
wavelet-HLH_firstorder_Range,38.33927269314087
wavelet-HLH_firstorder_RobustMeanAbsoluteDeviation,0.0847973589761079
wavelet-HLH_firstorder_RootMeanSquared,0.6256586156826006
wavelet-HLH_firstorder_Skewness,-0.35714647152586215
wavelet-HLH_firstorder_TotalEnergy,473971.96178047336
wavelet-HLH_firstorder_Uniformity,0.6108881609016221
wavelet-HLH_firstorder_Variance,0.3914395652410799
wavelet-HLH_glcm_Autocorrelation,1021.6942144259903
wavelet-HLH_glcm_ClusterProminence,232.22750862843122
wavelet-HLH_glcm_ClusterShade,-2.168891444716441
wavelet-HLH_glcm_ClusterTendency,2.3413211144075996
wavelet-HLH_glcm_Contrast,1.7271485445355972
wavelet-HLH_glcm_Correlation,0.1441435332920169
wavelet-HLH_glcm_DifferenceAverage,0.6033391558418635
wavelet-HLH_glcm_DifferenceEntropy,1.4887675287660127
wavelet-HLH_glcm_DifferenceVariance,1.3450124071633145
wavelet-HLH_glcm_Id,0.793857922070601
wavelet-HLH_glcm_Idm,0.7771617608840191
wavelet-HLH_glcm_Idmn,0.9995834477199745
wavelet-HLH_glcm_Idn,0.9909626742909735
wavelet-HLH_glcm_Imc1,-0.09133971880830923
wavelet-HLH_glcm_Imc2,0.3890182199736912
wavelet-HLH_glcm_InverseVariance,0.2555006137878458
wavelet-HLH_glcm_JointAverage,31.96154986945589
wavelet-HLH_glcm_JointEnergy,0.40324723477044955
wavelet-HLH_glcm_JointEntropy,2.529743730203442
wavelet-HLH_glcm_MCC,0.3281711672550687
wavelet-HLH_glcm_MaximumProbability,0.6203276927411494
wavelet-HLH_glcm_SumAverage,63.923099738911795
wavelet-HLH_glcm_SumEntropy,1.9614982877064144
wavelet-HLH_glcm_SumSquares,1.0171174147358
wavelet-HLH_glrlm_GrayLevelNonUniformity,127391.63887133895
wavelet-HLH_glrlm_GrayLevelNonUniformityNormalized,0.27159522591970203
wavelet-HLH_glrlm_GrayLevelVariance,2.9795916758148753
wavelet-HLH_glrlm_HighGrayLevelRunEmphasis,1021.5406919974289
wavelet-HLH_glrlm_LongRunEmphasis,55.790137910706754
wavelet-HLH_glrlm_LongRunHighGrayLevelEmphasis,57122.254605919
wavelet-HLH_glrlm_LongRunLowGrayLevelEmphasis,0.05450892729399413
wavelet-HLH_glrlm_LowGrayLevelRunEmphasis,0.0009955476852498578
wavelet-HLH_glrlm_RunEntropy,3.8990938327443154
wavelet-HLH_glrlm_RunLengthNonUniformity,184966.23161044394
wavelet-HLH_glrlm_RunLengthNonUniformityNormalized,0.40540361399484276
wavelet-HLH_glrlm_RunPercentage,0.37529553361864654
wavelet-HLH_glrlm_RunVariance,46.81275984038167
wavelet-HLH_glrlm_ShortRunEmphasis,0.6482260670685986
wavelet-HLH_glrlm_ShortRunHighGrayLevelEmphasis,661.8039867757002
wavelet-HLH_glrlm_ShortRunLowGrayLevelEmphasis,0.0006510352957835463
wavelet-HLH_glszm_GrayLevelNonUniformity,9934.68722312439
wavelet-HLH_glszm_GrayLevelNonUniformityNormalized,0.12906381582493526
wavelet-HLH_glszm_GrayLevelVariance,10.60853004627203
wavelet-HLH_glszm_HighGrayLevelZoneEmphasis,1028.613510880156
wavelet-HLH_glszm_LargeAreaEmphasis,11391929.91419292
wavelet-HLH_glszm_LargeAreaHighGrayLevelEmphasis,11665321462.771225
wavelet-HLH_glszm_LargeAreaLowGrayLevelEmphasis,11124.9468560098
wavelet-HLH_glszm_LowGrayLevelZoneEmphasis,0.0010391662648233796
wavelet-HLH_glszm_SizeZoneNonUniformity,20776.965599220526
wavelet-HLH_glszm_SizeZoneNonUniformityNormalized,0.2699183578982855
wavelet-HLH_glszm_SmallAreaEmphasis,0.5305309315712468
wavelet-HLH_glszm_SmallAreaHighGrayLevelEmphasis,547.1799663399355
wavelet-HLH_glszm_SmallAreaLowGrayLevelEmphasis,0.0005699897809005964
wavelet-HLH_glszm_ZoneEntropy,5.944100737311775
wavelet-HLH_glszm_ZonePercentage,0.0635728827277495
wavelet-HLH_glszm_ZoneVariance,11391682.482008152
wavelet-HLH_gldm_DependenceEntropy,4.8762792685087515
wavelet-HLH_gldm_DependenceNonUniformity,69701.3063473776
wavelet-HLH_gldm_DependenceNonUniformityNormalized,0.057565611879087715
wavelet-HLH_gldm_DependenceVariance,67.0537402069321
wavelet-HLH_gldm_GrayLevelNonUniformity,739672.5485420977
wavelet-HLH_gldm_GrayLevelVariance,1.115900337880402
wavelet-HLH_gldm_HighGrayLevelEmphasis,1022.8066674099676
wavelet-HLH_gldm_LargeDependenceEmphasis,364.3512055929271
wavelet-HLH_gldm_LargeDependenceHighGrayLevelEmphasis,373047.9392731342
wavelet-HLH_gldm_LargeDependenceLowGrayLevelEmphasis,0.355887981169581
wavelet-HLH_gldm_LowGrayLevelEmphasis,0.0009838172554881863
wavelet-HLH_gldm_SmallDependenceEmphasis,0.053080416019223746
wavelet-HLH_gldm_SmallDependenceHighGrayLevelEmphasis,54.547590818792315
wavelet-HLH_gldm_SmallDependenceLowGrayLevelEmphasis,5.549374560222166e-05
wavelet-HLH_ngtdm_Busyness,35.66707984585474
wavelet-HLH_ngtdm_Coarseness,7.596429701551962e-06
wavelet-HLH_ngtdm_Complexity,800.0863335940993
wavelet-HLH_ngtdm_Contrast,0.00028327886684387677
wavelet-HLH_ngtdm_Strength,0.0681653469036796
wavelet-HHL_firstorder_10Percentile,-1.0392770897950214
wavelet-HHL_firstorder_90Percentile,1.0357197050271756
wavelet-HHL_firstorder_Energy,1805381.559505046
wavelet-HHL_firstorder_Entropy,1.972592700714722
wavelet-HHL_firstorder_InterquartileRange,0.706871580523551
wavelet-HHL_firstorder_Kurtosis,29.76180662458007
wavelet-HHL_firstorder_Maximum,26.958788374694624
wavelet-HHL_firstorder_MeanAbsoluteDeviation,0.6922647095274886
wavelet-HHL_firstorder_Mean,-0.006499652612033641
wavelet-HHL_firstorder_Median,-0.0010526684425190504
wavelet-HHL_firstorder_Minimum,-37.59356593735492
wavelet-HHL_firstorder_Range,64.55235431204954
wavelet-HHL_firstorder_RobustMeanAbsoluteDeviation,0.32632632471655526
wavelet-HHL_firstorder_RootMeanSquared,1.2210841804141745
wavelet-HHL_firstorder_Skewness,-0.6301954090239084
wavelet-HHL_firstorder_TotalEnergy,1805381.559505046
wavelet-HHL_firstorder_Uniformity,0.3808387403502459
wavelet-HHL_firstorder_Variance,1.4910043301736795
wavelet-HHL_glcm_Autocorrelation,1429.6818332344892
wavelet-HHL_glcm_ClusterProminence,259.6706109117894
wavelet-HHL_glcm_ClusterShade,-4.595183879278524
wavelet-HHL_glcm_ClusterTendency,3.390847566422797
wavelet-HHL_glcm_Contrast,2.4789850612468465
wavelet-HHL_glcm_Correlation,0.152443247920849
wavelet-HHL_glcm_DifferenceAverage,0.8338306958394688
wavelet-HHL_glcm_DifferenceEntropy,1.7773779328423485
wavelet-HHL_glcm_DifferenceVariance,1.7527282118098553
wavelet-HHL_glcm_Id,0.7222051921414896
wavelet-HHL_glcm_Idm,0.6988424119116856
wavelet-HHL_glcm_Idmn,0.9994025055151581
wavelet-HHL_glcm_Idn,0.9875301726223416
wavelet-HHL_glcm_Imc1,-0.092789691054945
wavelet-HHL_glcm_Imc2,0.48360514728200693
wavelet-HHL_glcm_InverseVariance,0.3338087048747301
wavelet-HHL_glcm_JointAverage,37.80811906815657
wavelet-HHL_glcm_JointEnergy,0.19769436048360467
wavelet-HHL_glcm_JointEntropy,3.725666500259278
wavelet-HHL_glcm_MCC,0.412500933363948
wavelet-HHL_glcm_MaximumProbability,0.4097494003693021
wavelet-HHL_glcm_SumAverage,75.61623813631316
wavelet-HHL_glcm_SumEntropy,2.53333868631842
wavelet-HHL_glcm_SumSquares,1.4674581569174099
wavelet-HHL_glrlm_GrayLevelNonUniformity,138662.34202245946
wavelet-HHL_glrlm_GrayLevelNonUniformityNormalized,0.2316182098521756
wavelet-HHL_glrlm_GrayLevelVariance,2.780310263924972
wavelet-HHL_glrlm_HighGrayLevelRunEmphasis,1426.724530132647
wavelet-HHL_glrlm_LongRunEmphasis,15.543268780644562
wavelet-HHL_glrlm_LongRunHighGrayLevelEmphasis,22378.901059949367
wavelet-HHL_glrlm_LongRunLowGrayLevelEmphasis,0.010807572589296592
wavelet-HHL_glrlm_LowGrayLevelRunEmphasis,0.0007088590197409662
wavelet-HHL_glrlm_RunEntropy,4.202907033355995
wavelet-HHL_glrlm_RunLengthNonUniformity,273327.3227996513
wavelet-HHL_glrlm_RunLengthNonUniformityNormalized,0.44556594184188214
wavelet-HHL_glrlm_RunPercentage,0.4916921501379077
wavelet-HHL_glrlm_RunVariance,10.767998227498719
wavelet-HHL_glrlm_ShortRunEmphasis,0.6841435518852118
wavelet-HHL_glrlm_ShortRunHighGrayLevelEmphasis,975.640971281581
wavelet-HHL_glrlm_ShortRunLowGrayLevelEmphasis,0.00048718498227016613
wavelet-HHL_glszm_GrayLevelNonUniformity,4105.159584055459
wavelet-HHL_glszm_GrayLevelNonUniformityNormalized,0.09486215098914984
wavelet-HHL_glszm_GrayLevelVariance,15.373941804208505
wavelet-HHL_glszm_HighGrayLevelZoneEmphasis,1437.3722934719815
wavelet-HHL_glszm_LargeAreaEmphasis,12484791.536984403
wavelet-HHL_glszm_LargeAreaHighGrayLevelEmphasis,17938893765.930374
wavelet-HHL_glszm_LargeAreaLowGrayLevelEmphasis,8691.777648623789
wavelet-HHL_glszm_LowGrayLevelZoneEmphasis,0.0007576774403588057
wavelet-HHL_glszm_SizeZoneNonUniformity,11357.48554592721
wavelet-HHL_glszm_SizeZoneNonUniformityNormalized,0.26244911717913827
wavelet-HHL_glszm_SmallAreaEmphasis,0.5228944262046906
wavelet-HHL_glszm_SmallAreaHighGrayLevelEmphasis,752.272291889935
wavelet-HHL_glszm_SmallAreaLowGrayLevelEmphasis,0.00041547040409345827
wavelet-HHL_glszm_ZoneEntropy,6.53051805923327
wavelet-HHL_glszm_ZonePercentage,0.035740389737490864
wavelet-HHL_glszm_ZoneVariance,12484008.681800144
wavelet-HHL_gldm_DependenceEntropy,6.024813702419869
wavelet-HHL_gldm_DependenceNonUniformity,47757.05229865834
wavelet-HHL_gldm_DependenceNonUniformityNormalized,0.039442071909134215
wavelet-HHL_gldm_DependenceVariance,61.88781198830514
wavelet-HHL_gldm_GrayLevelNonUniformity,461125.2593971829
wavelet-HHL_gldm_GrayLevelVariance,1.5394599864059844
wavelet-HHL_gldm_HighGrayLevelEmphasis,1431.0282570004501
wavelet-HHL_gldm_LargeDependenceEmphasis,263.9825844575761
wavelet-HHL_gldm_LargeDependenceHighGrayLevelEmphasis,379692.07940519403
wavelet-HHL_gldm_LargeDependenceLowGrayLevelEmphasis,0.1836279172461957
wavelet-HHL_gldm_LowGrayLevelEmphasis,0.0007030012317034522
wavelet-HHL_gldm_SmallDependenceEmphasis,0.03836696398172573
wavelet-HHL_gldm_SmallDependenceHighGrayLevelEmphasis,55.0309112268647
wavelet-HHL_gldm_SmallDependenceLowGrayLevelEmphasis,2.880555855780242e-05
wavelet-HHL_ngtdm_Busyness,30.26329339990938
wavelet-HHL_ngtdm_Coarseness,7.950335028450686e-06
wavelet-HHL_ngtdm_Complexity,1090.6023852737787
wavelet-HHL_ngtdm_Contrast,0.0005864969326842939
wavelet-HHL_ngtdm_Strength,0.04897092827458594
wavelet-HHH_firstorder_10Percentile,-0.09071304186352347
wavelet-HHH_firstorder_90Percentile,0.09042893417555482
wavelet-HHH_firstorder_Energy,33398.47543910306
wavelet-HHH_firstorder_Entropy,1.2418644131249605
wavelet-HHH_firstorder_InterquartileRange,0.04224849200582241
wavelet-HHH_firstorder_Kurtosis,58.47018944284271
wavelet-HHH_firstorder_Maximum,6.548558344726682
wavelet-HHH_firstorder_MeanAbsoluteDeviation,0.07203147597806604
wavelet-HHH_firstorder_Mean,5.4499131597463396e-05
wavelet-HHH_firstorder_Median,-1.7476528095842033e-05
wavelet-HHH_firstorder_Minimum,-4.909012723759418
wavelet-HHH_firstorder_Range,11.4575710684861
wavelet-HHH_firstorder_RobustMeanAbsoluteDeviation,0.021975996478157962
wavelet-HHH_firstorder_RootMeanSquared,0.16608271093267538
wavelet-HHH_firstorder_Skewness,0.3219190454580057
wavelet-HHH_firstorder_TotalEnergy,33398.47543910306
wavelet-HHH_firstorder_Uniformity,0.6435584545328261
wavelet-HHH_firstorder_Variance,0.027583463900591267
wavelet-HHH_glcm_Autocorrelation,782.224857482345
wavelet-HHH_glcm_ClusterProminence,94.88647694490099
wavelet-HHH_glcm_ClusterShade,0.14589212844695137
wavelet-HHH_glcm_ClusterTendency,1.711210817042876
wavelet-HHH_glcm_Contrast,1.6174047943714385
wavelet-HHH_glcm_Correlation,0.027614671833588292
wavelet-HHH_glcm_DifferenceAverage,0.5663485250112248
wavelet-HHH_glcm_DifferenceEntropy,1.444305257810746
wavelet-HHH_glcm_DifferenceVariance,1.2916403790897573
wavelet-HHH_glcm_Id,0.8070148087318951
wavelet-HHH_glcm_Idm,0.7911870049302443
wavelet-HHH_glcm_Idmn,0.9996100928327696
wavelet-HHH_glcm_Idn,0.9915159886228698
wavelet-HHH_glcm_Imc1,-0.06220945570842147
wavelet-HHH_glcm_Imc2,0.3192531907447128
wavelet-HHH_glcm_InverseVariance,0.23734364324342122
wavelet-HHH_glcm_JointAverage,27.96786380682739
wavelet-HHH_glcm_JointEnergy,0.4388168376049629
wavelet-HHH_glcm_JointEntropy,2.362973870744
wavelet-HHH_glcm_MCC,0.27292503040274474
wavelet-HHH_glcm_MaximumProbability,0.650706613001209
wavelet-HHH_glcm_SumAverage,55.93572761365477
wavelet-HHH_glcm_SumEntropy,1.8107674940934009
wavelet-HHH_glcm_SumSquares,0.8321539028535786
wavelet-HHH_glrlm_GrayLevelNonUniformity,123230.49376654968
wavelet-HHH_glrlm_GrayLevelNonUniformityNormalized,0.28181152547285354
wavelet-HHH_glrlm_GrayLevelVariance,2.5077232225958985
wavelet-HHH_glrlm_HighGrayLevelRunEmphasis,781.8063861533964
wavelet-HHH_glrlm_LongRunEmphasis,57.09992150530771
wavelet-HHH_glrlm_LongRunHighGrayLevelEmphasis,44761.929195448414
wavelet-HHH_glrlm_LongRunLowGrayLevelEmphasis,0.07286193880003687
wavelet-HHH_glrlm_LowGrayLevelRunEmphasis,0.0013000824040358802
wavelet-HHH_glrlm_RunEntropy,3.8376931707854856
wavelet-HHH_glrlm_RunLengthNonUniformity,172908.14663405143
wavelet-HHH_glrlm_RunLengthNonUniformityNormalized,0.4083641702421782
wavelet-HHH_glrlm_RunPercentage,0.3525449323866093
wavelet-HHH_glrlm_RunVariance,47.907774399807785
wavelet-HHH_glrlm_ShortRunEmphasis,0.6501742645618318
wavelet-HHH_glrlm_ShortRunHighGrayLevelEmphasis,507.92222281803816
wavelet-HHH_glrlm_ShortRunLowGrayLevelEmphasis,0.0008527965275259282
wavelet-HHH_glszm_GrayLevelNonUniformity,12465.818998658415
wavelet-HHH_glszm_GrayLevelNonUniformityNormalized,0.1405375249282242
wavelet-HHH_glszm_GrayLevelVariance,8.54232109446299
wavelet-HHH_glszm_HighGrayLevelZoneEmphasis,789.30755008399
wavelet-HHH_glszm_LargeAreaEmphasis,10460143.256186515
wavelet-HHH_glszm_LargeAreaHighGrayLevelEmphasis,8200725224.668662
wavelet-HHH_glszm_LargeAreaLowGrayLevelEmphasis,13342.06713552929
wavelet-HHH_glszm_LowGrayLevelZoneEmphasis,0.0013433208626088136
wavelet-HHH_glszm_SizeZoneNonUniformity,31217.27264630613
wavelet-HHH_glszm_SizeZoneNonUniformityNormalized,0.3519382266976261
wavelet-HHH_glszm_SmallAreaEmphasis,0.6138064317092218
wavelet-HHH_glszm_SmallAreaHighGrayLevelEmphasis,486.59946232597736
wavelet-HHH_glszm_SmallAreaLowGrayLevelEmphasis,0.0008416619947527803
wavelet-HHH_glszm_ZoneEntropy,5.341809578350168
wavelet-HHH_glszm_ZonePercentage,0.07325726886435996
wavelet-HHH_glszm_ZoneVariance,10459956.919420842
wavelet-HHH_gldm_DependenceEntropy,4.704660060921805
wavelet-HHH_gldm_DependenceNonUniformity,72859.56342050602
wavelet-HHH_gldm_DependenceNonUniformityNormalized,0.060173984812300824
wavelet-HHH_gldm_DependenceVariance,68.7346672413766
wavelet-HHH_gldm_GrayLevelNonUniformity,779230.2301251637
wavelet-HHH_gldm_GrayLevelVariance,0.8836058831893094
wavelet-HHH_gldm_HighGrayLevelEmphasis,783.048516082143
wavelet-HHH_gldm_LargeDependenceEmphasis,386.7802224121769
wavelet-HHH_gldm_LargeDependenceHighGrayLevelEmphasis,303207.7938405124
wavelet-HHH_gldm_LargeDependenceLowGrayLevelEmphasis,0.49341518968858183
wavelet-HHH_gldm_LowGrayLevelEmphasis,0.0012843888675235415
wavelet-HHH_gldm_SmallDependenceEmphasis,0.06369728373860735
wavelet-HHH_gldm_SmallDependenceHighGrayLevelEmphasis,50.23516690511982
wavelet-HHH_gldm_SmallDependenceLowGrayLevelEmphasis,8.600002930131428e-05
wavelet-HHH_ngtdm_Busyness,29.303543897797926
wavelet-HHH_ngtdm_Coarseness,1.1317801816561669e-05
wavelet-HHH_ngtdm_Complexity,624.866266199981
wavelet-HHH_ngtdm_Contrast,0.00022594573789482436
wavelet-HHH_ngtdm_Strength,0.06784570188310099
wavelet-LLL_firstorder_10Percentile,-159.42478136168842
wavelet-LLL_firstorder_90Percentile,-61.65719154868358
wavelet-LLL_firstorder_Energy,21425275438.47423
wavelet-LLL_firstorder_Entropy,3.081920171339468
wavelet-LLL_firstorder_InterquartileRange,44.581715472820946
wavelet-LLL_firstorder_Kurtosis,27.969950932516344
wavelet-LLL_firstorder_Maximum,868.6224759123209
wavelet-LLL_firstorder_MeanAbsoluteDeviation,38.16656527734862
wavelet-LLL_firstorder_Mean,-116.66568803727905
wavelet-LLL_firstorder_Median,-134.67308381259278
wavelet-LLL_firstorder_Minimum,-246.88826216616317
wavelet-LLL_firstorder_Range,1115.510738078484
wavelet-LLL_firstorder_RobustMeanAbsoluteDeviation,19.619877173315636
wavelet-LLL_firstorder_RootMeanSquared,133.02225650502348
wavelet-LLL_firstorder_Skewness,4.061903556255578
wavelet-LLL_firstorder_TotalEnergy,21425275438.47423
wavelet-LLL_firstorder_Uniformity,0.1728086041740267
wavelet-LLL_firstorder_Variance,4084.0379604765417
wavelet-LLL_glcm_Autocorrelation,71.6243446056217
wavelet-LLL_glcm_ClusterProminence,48100.514840991265
wavelet-LLL_glcm_ClusterShade,1061.0952830319927
wavelet-LLL_glcm_ClusterTendency,42.52149284829419
wavelet-LLL_glcm_Contrast,2.0304168377936644
wavelet-LLL_glcm_Correlation,0.9067675189376684
wavelet-LLL_glcm_DifferenceAverage,0.6540622328266146
wavelet-LLL_glcm_DifferenceEntropy,1.526301496276358
wavelet-LLL_glcm_DifferenceVariance,1.5882824603522112
wavelet-LLL_glcm_Id,0.768677777800672
wavelet-LLL_glcm_Idm,0.7554618014649568
wavelet-LLL_glcm_Idmn,0.999512956928656
wavelet-LLL_glcm_Idn,0.9902302556722264
wavelet-LLL_glcm_Imc1,-0.4549274114401674
wavelet-LLL_glcm_Imc2,0.9651261892150607
wavelet-LLL_glcm_InverseVariance,0.3325595393830084
wavelet-LLL_glcm_JointAverage,7.842193607318748
wavelet-LLL_glcm_JointEnergy,0.09526590030490226
wavelet-LLL_glcm_JointEntropy,4.658322723648265
wavelet-LLL_glcm_MCC,0.9468227477961226
wavelet-LLL_glcm_MaximumProbability,0.23809202135348415
wavelet-LLL_glcm_SumAverage,15.684387214637507
wavelet-LLL_glcm_SumEntropy,3.8747045238341076
wavelet-LLL_glcm_SumSquares,11.137977421521974
wavelet-LLL_glrlm_GrayLevelNonUniformity,60401.672207370466
wavelet-LLL_glrlm_GrayLevelNonUniformityNormalized,0.11465250497248186
wavelet-LLL_glrlm_GrayLevelVariance,23.509031451061308
wavelet-LLL_glrlm_HighGrayLevelRunEmphasis,112.38076686521319
wavelet-LLL_glrlm_LongRunEmphasis,13.222061762732137
wavelet-LLL_glrlm_LongRunHighGrayLevelEmphasis,643.4530613710984
wavelet-LLL_glrlm_LongRunLowGrayLevelEmphasis,0.34582048977282065
wavelet-LLL_glrlm_LowGrayLevelRunEmphasis,0.01819717730899874
wavelet-LLL_glrlm_RunEntropy,5.590830292724263
wavelet-LLL_glrlm_RunLengthNonUniformity,188550.04006817407
wavelet-LLL_glrlm_RunLengthNonUniformityNormalized,0.3545261127128075
wavelet-LLL_glrlm_RunPercentage,0.4321132714487603
wavelet-LLL_glrlm_RunVariance,7.527891999298948
wavelet-LLL_glrlm_ShortRunEmphasis,0.613689557201138
wavelet-LLL_glrlm_ShortRunHighGrayLevelEmphasis,88.68524964719118
wavelet-LLL_glrlm_ShortRunLowGrayLevelEmphasis,0.009901736889363806
wavelet-LLL_glszm_GrayLevelNonUniformity,1062.127854826468
wavelet-LLL_glszm_GrayLevelNonUniformityNormalized,0.036642788064116055
wavelet-LLL_glszm_GrayLevelVariance,75.88938593586239
wavelet-LLL_glszm_HighGrayLevelZoneEmphasis,445.38277099289314
wavelet-LLL_glszm_LargeAreaEmphasis,8114961.647726488
wavelet-LLL_glszm_LargeAreaHighGrayLevelEmphasis,364588876.78876007
wavelet-LLL_glszm_LargeAreaLowGrayLevelEmphasis,195402.41197952515
wavelet-LLL_glszm_LowGrayLevelZoneEmphasis,0.005679632663622264
wavelet-LLL_glszm_SizeZoneNonUniformity,9397.377354584973
wavelet-LLL_glszm_SizeZoneNonUniformityNormalized,0.32420400726505805
wavelet-LLL_glszm_SmallAreaEmphasis,0.5892895658940247
wavelet-LLL_glszm_SmallAreaHighGrayLevelEmphasis,305.01416831126625
wavelet-LLL_glszm_SmallAreaLowGrayLevelEmphasis,0.002430970670296498
wavelet-LLL_glszm_ZoneEntropy,7.487095693071274
wavelet-LLL_glszm_ZonePercentage,0.023939247531621265
wavelet-LLL_glszm_ZoneVariance,8113216.713709081
wavelet-LLL_gldm_DependenceEntropy,7.1604091182615885
wavelet-LLL_gldm_DependenceNonUniformity,50170.25438650826
wavelet-LLL_gldm_DependenceNonUniformityNormalized,0.041435111380771016
wavelet-LLL_gldm_DependenceVariance,54.24865813912114
wavelet-LLL_gldm_GrayLevelNonUniformity,209239.2500629741
wavelet-LLL_gldm_GrayLevelVariance,13.521165288965616
wavelet-LLL_gldm_HighGrayLevelEmphasis,77.07536906959362
wavelet-LLL_gldm_LargeDependenceEmphasis,302.78561547387505
wavelet-LLL_gldm_LargeDependenceHighGrayLevelEmphasis,13737.214630641345
wavelet-LLL_gldm_LargeDependenceLowGrayLevelEmphasis,7.713494034086265
wavelet-LLL_gldm_LowGrayLevelEmphasis,0.021696431208652018
wavelet-LLL_gldm_SmallDependenceEmphasis,0.028027918840736625
wavelet-LLL_gldm_SmallDependenceHighGrayLevelEmphasis,9.968374151009861
wavelet-LLL_gldm_SmallDependenceLowGrayLevelEmphasis,0.0002380567820324306
wavelet-LLL_ngtdm_Busyness,71.32177451154317
wavelet-LLL_ngtdm_Coarseness,1.7823017730282014e-05
wavelet-LLL_ngtdm_Complexity,952.0985361625648
wavelet-LLL_ngtdm_Contrast,0.0031222830392191397
wavelet-LLL_ngtdm_Strength,0.20064218229672565
